p0003.jpg	2019-06-13	75a96e34-bdb3-4946-aad5-3d61be50d052.jpg
p0007.jpg	2019-08-23	IMG_1064.jpg
p0017.jpg	2019-10-26	59376870329__9AAB6DC1-A0D9-4825-B505-5B263652D519.jpeg
p0019.jpg	2019-12-07	59738543802__4D8EE861-5152-4F58-B9B9-04373FB0A032.jpeg
p0024.jpg	2019-12-21	C1D31117-1948-4B59-BD46-4688B21BA6D0.jpg
p0027.jpg	2020-01-04	IMG_2417-2.jpg
p0033.jpg	2020-01-11	IMG_1360-2.jpg
p0036.jpg	2020-01-12	IMG_2418-2.jpg
p0043.jpg	2020-01-19	IMG_2432.jpg
p0045.jpg	2020-01-20	IMG_2456.jpg
p0048.jpg	2020-01-20	IMG_2462.jpg
p0052.jpg	2020-01-25	IMG_1375.jpg
p0053.jpg	2020-01-26	IMG_2546.jpg
p0054.jpg	2020-01-26	IMG_2548.jpg
p0066.jpg	2020-04-24	IMG_2576-2.jpg
p0071.jpg	2020-05-09	IMG_0002.jpeg
p0075.jpg	2020-05-10	IMG_1492.jpg
p0083.jpg	2020-06-22	IMG_1550.jpg
p0084.jpg	2020-06-26	IMG_2627-2.jpg
p0086.jpg	2020-07-10	C133514E-E5BE-4868-8AE8-E373E267715A.jpeg
p0088.jpg	2020-07-31	IMG_1597.jpeg
p0090.jpg	2020-09-04	lp_image (2).jpeg
p0093.jpg	2020-09-12	IMG_1648.jpeg
p0095.jpg	2020-09-15	IMG_1653.jpeg
p0097.jpg	2020-09-19	IMG_1677_jpg.jpg
p0099.jpg	2020-09-26	IMG_1691_jpg.jpg
p0100.jpg	2020-10-17	IMG_1708.jpg
p0101.jpg	2020-10-17	IMG_1709.jpeg
p0112.jpg	2020-10-24	9DAFEDD0-863F-485C-96C5-D4568B527382.jpeg
p0119.jpg	2020-11-20	62754190497__67169D0F-F377-44F6-B9E0-8884A8A86257.jpeg
p0121.jpg	2020-12-24	IMG_2751-2.jpg
p0123.jpg	2020-12-25	IMG_2755-2.jpg
p0125.jpg	2020-12-26	IMG_2774.jpeg
p0127.jpg	2020-12-26	IMG_2775-2.jpg
p0131.jpg	2020-12-26	IMG_2778.jpeg
p0135.jpg	2021-02-19	IMG_1878.jpg
p0137.jpg	2021-02-19	IMG_1881.jpeg
p0139.jpg	2021-02-19	IMG_2789-2.jpg
p0143.jpg	2021-02-21	IMG_2804-2.jpg
p0155.jpg	2021-03-26	IMG_1916.jpeg
p0158.jpg	2021-04-10	IMG_1927.jpg
p0162.jpg	2021-04-10	IMG_1932.jpg
p0167.jpg	2021-04-10	IMG_1936.jpeg
p0171.jpg	2021-04-30	IMG_2839-2.jpg
p0173.jpg	2021-04-30	IMG_2840-2.jpg
p0179.jpg	2021-05-01	IMG_2843-2.jpg
p0185.jpg	2021-05-01	IMG_2853-2.jpg
p0204.jpg	2021-05-05	IMG_1980_jpg.jpg
p0207.jpg	2021-06-12	IMG_2006.jpeg
p0209.jpg	2021-06-24	IMG_0001.jpeg
p0217.jpg	2021-09-13	IMG_0019.jpeg
p0219.jpg	2021-11-05	IMG_0100.jpeg
p0221.jpg	2021-11-11	IMG_0105.jpeg
p0223.jpg	2021-11-12	IMG_0108.jpeg
p0228.jpg	2021-12-26	IMG_0215.jpeg
p0230.jpg	2021-12-27	IMG_0217.jpeg
p0232.jpg	2022-01-12	IMG_0249.jpeg
p0234.jpg	2022-01-13	IMG_0255.jpeg
p0239.jpg	2022-01-14	IMG_0263_jpg.jpg
p0249.jpg	2022-01-26	IMG_2899-2.jpg
p0259.jpg	2022-01-26	IMG_2930-2.jpg
p0261.jpg	2022-01-26	IMG_2934-2.jpg
p0269.jpg	2022-03-03	IMG_2950-2.jpg
p0273.jpg	2022-03-30	IMG_0448.jpeg
p0280.jpg	2022-03-30	IMG_0453_jpg.jpg
p0289.jpg	2022-06-03	BCA77658-2F48-4480-9FBD-360768341721.jpeg
p0291.jpg	2022-07-02	IMG_0697.jpg
p0294.jpg	2022-07-04	IMG_0066.jpeg
p0295.jpg	2022-07-07	IMG_0734.jpeg
p0303.jpg	2022-09-08	IMG_0839.jpeg
p0306.jpg	2022-09-19	IMG_2969.jpg
p0308.jpg	2022-09-19	IMG_2985.jpg
p0309.jpg	2022-10-14	IMG_0059.jpeg
p0311.jpg	2022-10-14	IMG_0065.jpeg
p0312.jpg	2022-10-19	IMG_0084.jpeg
p0314.jpg	2022-10-27	IMG_0110.jpeg
p0315.jpg	2022-10-28	IMG_0123.jpeg
p0316.jpg	2022-11-06	IMG_0128.jpg
p0320.jpg	2022-11-07	IMG_2992-2.jpg
p0333.jpg	2022-11-07	IMG_3000.jpg
p0352.jpg	2022-11-30	BED0B80D-2C44-4CFD-85B5-9EAFD0535632.jpeg
p0356.jpg	2022-12-03	IMG_0242.jpeg
p0358.jpg	2022-12-03	IMG_0244.jpg
p0372.jpg	2022-12-03	IMG_0265.jpeg
p0374.jpg	2022-12-10	IMG_0278.jpg
p0375.jpg	2022-12-10	IMG_0279.jpeg
p0377.jpg	2022-12-10	IMG_0281.jpeg
p0381.jpg	2022-12-24	IMG_0322.jpg
p0386.jpg	2022-12-25	IMG_0326.jpeg
p0389.jpg	2022-12-27	IMG_0340.jpeg
p0393.jpg	2022-12-27	IMG_0352.jpeg
p0400.jpg	2022-12-27	IMG_3018.jpg
p0401.jpg	2022-12-27	IMG_3020-2.jpg
p0403.jpg	2022-12-28	IMG_0079.jpeg
p0405.jpg	2022-12-30	IMG_0371.jpg
p0410.jpg	2022-12-30	IMG_6479.jpg
p0411.jpg	2022-12-31	IMG_0395.jpeg
p0413.jpg	2022-12-31	IMG_0398.jpeg
p0415.jpg	2022-12-31	IMG_0406.jpg
p0424.jpg	2023-01-01	IMG_0416.jpeg
p0426.jpg	2023-01-02	IMG_3037-2.jpg
p0429.jpg	2023-01-02	IMG_3081-Enhanced.jpg
p0431.jpg	2023-01-05	IMG_0470-3.jpg
p0439.jpg	2023-01-08	IMG_0439.jpg
p0442.jpg	2023-01-10	IMG_9089.jpeg
p0444.jpg	2023-01-10	IMG_9094-2.jpg
p0447.jpg	2023-01-10	IMG_9097.jpeg
p0450.jpg	2023-01-13	IMG_0461.jpeg
p0452.jpg	2023-01-13	IMG_5053.jpg
p0453.jpg	2023-01-13	JohnRosemaryMcVickerWedding_DeclanBlackallPhotography_130123_0045.jpg
p0454.jpg	2023-01-13	JohnRosemaryMcVickerWedding_DeclanBlackallPhotography_130123_0046.jpg
p0455.jpg	2023-01-13	JohnRosemaryMcVickerWedding_DeclanBlackallPhotography_130123_0047.jpg
p0456.jpg	2023-01-13	JohnRosemaryMcVickerWedding_DeclanBlackallPhotography_130123_0048.jpg
p0457.jpg	2023-01-13	JohnRosemaryMcVickerWedding_DeclanBlackallPhotography_130123_0052.jpg
p0458.jpg	2023-01-13	JohnRosemaryMcVickerWedding_DeclanBlackallPhotography_130123_0056.jpg
p0459.jpg	2023-01-13	JohnRosemaryMcVickerWedding_DeclanBlackallPhotography_130123_0057.jpg
p0462.jpg	2023-01-13	JohnRosemaryMcVickerWedding_DeclanBlackallPhotography_130123_0061.jpg
p0463.jpg	2023-01-13	JohnRosemaryMcVickerWedding_DeclanBlackallPhotography_130123_0063.jpg
p0465.jpg	2023-01-13	JohnRosemaryMcVickerWedding_DeclanBlackallPhotography_130123_0070.jpg
p0466.jpg	2023-01-13	JohnRosemaryMcVickerWedding_DeclanBlackallPhotography_130123_0086.jpg
p0467.jpg	2023-01-13	JohnRosemaryMcVickerWedding_DeclanBlackallPhotography_130123_0089.jpg
p0468.jpg	2023-01-13	JohnRosemaryMcVickerWedding_DeclanBlackallPhotography_130123_0095.jpg
p0469.jpg	2023-01-13	JohnRosemaryMcVickerWedding_DeclanBlackallPhotography_130123_0098.jpg
p0470.jpg	2023-01-13	JohnRosemaryMcVickerWedding_DeclanBlackallPhotography_130123_0099.jpg
p0472.jpg	2023-01-13	JohnRosemaryMcVickerWedding_DeclanBlackallPhotography_130123_0104.jpg
p0473.jpg	2023-01-13	JohnRosemaryMcVickerWedding_DeclanBlackallPhotography_130123_0106.jpg
p0483.jpg	2023-01-13	JohnRosemaryMcVickerWedding_DeclanBlackallPhotography_130123_0146.jpg
p0488.jpg	2023-01-13	JohnRosemaryMcVickerWedding_DeclanBlackallPhotography_130123_0162.jpg
p0489.jpg	2023-01-13	JohnRosemaryMcVickerWedding_DeclanBlackallPhotography_130123_0163.jpg
p0491.jpg	2023-01-13	JohnRosemaryMcVickerWedding_DeclanBlackallPhotography_130123_0165.jpg
p0494.jpg	2023-01-13	JohnRosemaryMcVickerWedding_DeclanBlackallPhotography_130123_0168.jpg
p0498.jpg	2023-01-13	JohnRosemaryMcVickerWedding_DeclanBlackallPhotography_130123_0183.jpg
p0499.jpg	2023-01-13	JohnRosemaryMcVickerWedding_DeclanBlackallPhotography_130123_0185.jpg
p0510.jpg	2023-01-13	JohnRosemaryMcVickerWedding_DeclanBlackallPhotography_130123_0202.jpg
p0526.jpg	2023-01-13	JohnRosemaryMcVickerWedding_DeclanBlackallPhotography_130123_0242.jpg
p0531.jpg	2023-01-13	JohnRosemaryMcVickerWedding_DeclanBlackallPhotography_130123_0279.jpg
p0532.jpg	2023-01-13	JohnRosemaryMcVickerWedding_DeclanBlackallPhotography_130123_0280.jpg
p0534.jpg	2023-01-13	JohnRosemaryMcVickerWedding_DeclanBlackallPhotography_130123_0284.jpg
p0538.jpg	2023-01-13	JohnRosemaryMcVickerWedding_DeclanBlackallPhotography_130123_0292.jpg
p0543.jpg	2023-01-13	JohnRosemaryMcVickerWedding_DeclanBlackallPhotography_130123_0309.jpg
p0548.jpg	2023-01-14	IMG_0465-2.jpg
p0557.jpg	2023-01-14	IMG_0470-2.jpg
p0562.jpg	2023-01-15	IMG_0662.jpg
p0568.jpg	2023-01-20	IMG_0480 (1).jpg
p0573.jpg	2023-01-20	IMG_0504 (1).jpg
p0576.jpg	2023-01-22	IMG_0512 (1).jpg
p0588.jpg	2023-01-23	IMG_3101.jpg
p0589.jpg	2023-01-27	2_7082_cropped_06a_LobbyBalcony_145.jpg
p0590.jpg	2023-01-27	3_7082_cropped_02d_LobbyBalcont_TP_0052.jpg
p0595.jpg	2023-03-03	IMG_0676.jpeg
p0597.jpg	2023-04-07	IMG_0749.jpeg
p0598.jpg	2023-04-10	IMG_0751.jpeg
p0599.jpg	2023-04-24	IMG_0787.jpeg
p0601.jpg	2023-04-24	IMG_0794.jpeg
p0605.jpg	2023-08-21	IMG_1010.jpeg
p0607.jpg	2023-08-23	IMG_1014.jpeg
p0608.jpg	2023-08-25	IMG_1020.jpeg
p0609.jpg	2023-08-28	IMG_1028.jpeg
p0611.jpg	2023-09-03	IMG_0008.jpeg
p0618.jpg	2023-11-03	L1020214-2.jpg
p0627.jpg	2023-11-04	L1020224.jpg
p0636.jpg	2023-11-04	L1020230-2.jpg
p0640.jpg	2023-11-07	L1020239-2.jpg
p0642.jpg	2023-11-27	L1020337.jpg
p0649.jpg	2023-12-03	L1020369.jpg
p0653.jpg	2023-12-10	FFA26FD2-2C59-47B8-9DA7-ABD27BE93C75.jpeg
p0656.jpg	2023-12-15	L1020418-2.jpg
p0660.jpg	2023-12-16	IMG_2088_jpg.jpeg
p0663.jpg	2024-01-11	L1020506-Enhanced-NR.jpg
p0664.jpg	2024-01-13	IMG_0389.jpeg
p0666.jpg	2024-01-14	L1020547-Enhanced-NR.jpg
p0670.jpg	2024-01-17	IMG_0454.jpeg
p0675.jpg	2024-07-04	IMG_0880.jpeg
p0676.jpg	2024-07-17	L1000024.jpeg
p0683.jpg	2024-07-18	L1000040.jpg
p0684.jpg	2024-07-19	IMG_0924.jpeg
p0693.jpg	2024-07-20	L1000065.jpg
p0699.jpg	2024-07-22	IMG_0945.jpeg
p0705.jpg	2024-07-24	L1000096.jpg
p0717.jpg	2024-07-25	IMG_0963.jpeg
p0720.jpg	2024-07-25	IMG_0972.jpeg
p0728.jpg	2024-07-26	L1000124-2.jpg
p0738.jpg	2024-08-29	IMG_1040.jpeg
p0739.jpg	2024-10-03	IMG_1137.jpeg
p0740.jpg	2024-10-04	IMG_1160.jpeg
p0741.jpg	2024-10-05	IMG_1166.jpeg
p0746.jpg	2024-11-30	IMG_1338.jpeg
p0747.jpg	2024-12-07	IMG_1361.jpeg
p0749.jpg	2024-12-25	IMG_1807.jpeg
p0750.jpg	2024-12-28	IMG_1436.jpeg
p0751.jpg	2024-12-31	L1000006-2.jpg
p0753.jpg	2025-01-06	L1000035-2.jpg
p0760.jpg	2025-01-07	L1000070.jpg
p0761.jpg	2025-01-12	IMG_1520.jpeg
p0762.jpg	2025-03-08	IMG_1730.jpeg
p0763.jpg	2025-04-04	27429646-2BB0-4B39-907A-568839DA6C39.jpeg
p0764.jpg	2025-04-12	IMG_1795.jpeg
p0765.jpg	2025-04-13	IMG_1806.jpeg
p0768.jpg	2025-07-04	IMG_1987.jpeg
p0769.jpg	2025-08-14	IMG_2060.jpeg
p0771.jpg	2025-08-15	IMG_2070.jpeg
p0772.jpg	2025-08-23	IMG_2095.jpeg
p0776.jpg	2025-08-30	IMG_2130.jpeg
p0777.jpg	2025-11-07	IMG_2299.jpeg
p0783.jpg	2025-12-04	IMG_2364.jpeg
p0784.jpg	2025-12-25	IMG_2400.jpeg
p0786.jpg	2026-01-28	IMG_4606.jpg
p0789.jpg	2026-01-31	IMG_2458.jpeg
p0794.jpg	2026-02-01	IMG_4652.jpg
p0802.jpg	2026-02-03	IMG_4765.jpg
p0806.jpg	2026-02-05	IMG_4787.jpg
p0808.jpg	2019-02-01	IMG_0042-2.jpg
p0815.jpg	2023-01-08	IMG_0439-4.jpg
p0822.jpg	2023-01-04	IMG_0466.jpg
p0824.jpg	2023-01-11	IMG_0567-2.jpg
p0826.jpg	2023-02-01	IMG_0573.jpg
p0829.jpg	2023-02-01	IMG_0576.jpg
p0831.jpg	2023-03-04	IMG_0680.jpg
p0843.jpg	2020-12-25	IMG_2762-2.jpg
p0847.jpg	2020-12-25	IMG_2769-2.jpg
p0852.jpg	2022-03-03	IMG_2943-2.jpg
p0854.jpg	2022-03-03	IMG_2945-2.jpg
p0860.jpg	2022-03-03	IMG_2948-2.jpg
p0862.jpg	2022-03-03	IMG_2949-3.jpg
p0867.jpg	2022-03-03	IMG_2950-4.jpg
p0876.jpg	2022-03-03	IMG_2953-2.jpg
p0880.jpg	2022-03-03	IMG_2955-2.jpg
p0886.jpg	2022-03-03	IMG_2956-4.jpg
p0896.jpg	2022-03-03	IMG_2959-2.jpg
p0920.jpg	2022-03-03	IMG_2968-4.jpg
p0925.jpg	2022-09-19	IMG_2978.jpg
p0931.jpg	2022-09-19	IMG_2985-3.jpg
p0942.jpg	2022-11-07	IMG_2988-4.jpg
p0958.jpg	2022-11-07	IMG_2993-3.jpg
p0966.jpg	2022-11-07	IMG_2996-5.jpg
p0980.jpg	2022-11-07	IMG_3000-3.jpg
p0996.jpg	2022-11-07	IMG_3004-3.jpg
p1004.jpg	2023-01-02	IMG_3038-2.jpg
p1009.jpg	2023-01-02	IMG_3043.jpg
p1011.jpg	2023-01-02	IMG_3078.jpg
p1014.jpg	2023-01-13	IMG_5053-2.jpg
p1017.jpg	2023-01-10	IMG_9089-2.jpg
p1019.jpg	2023-01-10	IMG_9094-4.jpg
p1022.jpg	2023-01-12	IMG_9105-3.jpg
p1030.jpg	2023-01-13	JohnRosemaryMcVickerWedding_DeclanBlackallPhotography_130123_0051-2.jpg
p1036.jpg	2023-01-13	JohnRosemaryMcVickerWedding_DeclanBlackallPhotography_130123_0055.jpg
p1046.jpg	2023-01-13	JohnRosemaryMcVickerWedding_DeclanBlackallPhotography_130123_0076-2.jpg
p1048.jpg	2023-01-13	JohnRosemaryMcVickerWedding_DeclanBlackallPhotography_130123_0088.jpg
p1053.jpg	2023-01-13	JohnRosemaryMcVickerWedding_DeclanBlackallPhotography_130123_0148.jpg
p1089.jpg	2024-01-11	L1020500-Enhanced-NR.jpg
p1097.jpg	2024-01-14	L1020542-Enhanced-NR-3.jpg
